{"traffic_no_delay_weather_wind":{"width":33,"height":37,"x":0,"y":0,"pixelRatio":1},"traffic_road_closed":{"width":33,"height":37,"x":33,"y":0,"pixelRatio":1},"traffic_queueing_weather_wind":{"width":33,"height":37,"x":66,"y":0,"pixelRatio":1},"traffic_queueing_weather_frost":{"width":33,"height":37,"x":0,"y":37,"pixelRatio":1},"traffic_queueing_weather_fog":{"width":33,"height":37,"x":33,"y":37,"pixelRatio":1},"traffic_queueing_roadworks":{"width":33,"height":37,"x":66,"y":37,"pixelRatio":1},"traffic_queueing_lane_closed":{"width":33,"height":37,"x":99,"y":0,"pixelRatio":1},"traffic_queueing_danger":{"width":33,"height":37,"x":99,"y":37,"pixelRatio":1},"traffic_queueing_bg_base":{"width":33,"height":37,"x":0,"y":74,"pixelRatio":1},"traffic_queueing_accident":{"width":33,"height":37,"x":33,"y":74,"pixelRatio":1},"traffic_queueing_weather_rain":{"width":33,"height":37,"x":66,"y":74,"pixelRatio":1},"traffic_no_delay_weather_rain":{"width":33,"height":37,"x":99,"y":74,"pixelRatio":1},"traffic_no_delay_weather_frost":{"width":33,"height":37,"x":132,"y":0,"pixelRatio":1},"traffic_no_delay_accident":{"width":33,"height":37,"x":132,"y":37,"pixelRatio":1},"traffic_no_delay_danger":{"width":33,"height":37,"x":132,"y":74,"pixelRatio":1},"traffic_no_delay_weather_fog":{"width":33,"height":37,"x":0,"y":111,"pixelRatio":1},"traffic_no_delay_roadworks":{"width":33,"height":37,"x":33,"y":111,"pixelRatio":1},"traffic_no_delay_jam":{"width":33,"height":37,"x":66,"y":111,"pixelRatio":1},"traffic_no_delay_lane_closed":{"width":33,"height":37,"x":99,"y":111,"pixelRatio":1},"traffic_slow_bg_base":{"width":33,"height":37,"x":132,"y":111,"pixelRatio":1},"traffic_stationary_weather_wind":{"width":33,"height":37,"x":165,"y":0,"pixelRatio":1},"traffic_stationary_weather_rain":{"width":33,"height":37,"x":165,"y":37,"pixelRatio":1},"traffic_stationary_weather_frost":{"width":33,"height":37,"x":165,"y":74,"pixelRatio":1},"traffic_stationary_weather_fog":{"width":33,"height":37,"x":165,"y":111,"pixelRatio":1},"traffic_stationary_roadworks":{"width":33,"height":37,"x":0,"y":148,"pixelRatio":1},"traffic_stationary_lane_closed":{"width":33,"height":37,"x":33,"y":148,"pixelRatio":1},"traffic_stationary_danger":{"width":33,"height":37,"x":66,"y":148,"pixelRatio":1},"traffic_stationary_bg_base":{"width":33,"height":37,"x":99,"y":148,"pixelRatio":1},"traffic_stationary_accident":{"width":33,"height":37,"x":132,"y":148,"pixelRatio":1},"traffic_slow_weather_wind":{"width":33,"height":37,"x":165,"y":148,"pixelRatio":1},"traffic_slow_weather_rain":{"width":33,"height":37,"x":198,"y":0,"pixelRatio":1},"traffic_slow_weather_frost":{"width":33,"height":37,"x":198,"y":37,"pixelRatio":1},"traffic_slow_weather_fog":{"width":33,"height":37,"x":198,"y":74,"pixelRatio":1},"traffic_slow_roadworks":{"width":33,"height":37,"x":198,"y":111,"pixelRatio":1},"traffic_slow_lane_closed":{"width":33,"height":37,"x":198,"y":148,"pixelRatio":1},"traffic_slow_danger":{"width":33,"height":37,"x":0,"y":185,"pixelRatio":1},"traffic_slow_accident":{"width":33,"height":37,"x":33,"y":185,"pixelRatio":1},"usa-tx-8300-4":{"width":38,"height":32,"x":66,"y":185,"pixelRatio":1},"special01-white-blue2-4":{"width":38,"height":32,"x":104,"y":185,"pixelRatio":1},"usa-ok-7300-3":{"width":42,"height":28,"x":142,"y":185,"pixelRatio":1},"usa-nm-7050-4":{"width":42,"height":28,"x":184,"y":185,"pixelRatio":1},"usa-id-6100-3":{"width":34,"height":34,"x":231,"y":0,"pixelRatio":1},"usa-hi-6050-4":{"width":41,"height":28,"x":0,"y":222,"pixelRatio":1},"special03-green2-white-6":{"width":46,"height":24,"x":41,"y":222,"pixelRatio":1},"usa-tx-8303-3":{"width":34,"height":32,"x":231,"y":34,"pixelRatio":1},"usa-tx-8300-3":{"width":34,"height":32,"x":231,"y":66,"pixelRatio":1},"usa-tn-7610-3":{"width":36,"height":30,"x":265,"y":0,"pixelRatio":1},"india--115-4":{"width":32,"height":32,"x":265,"y":30,"pixelRatio":1},"special01-white-blue2-3":{"width":32,"height":32,"x":265,"y":62,"pixelRatio":1},"india--110-4":{"width":34,"height":30,"x":265,"y":94,"pixelRatio":1},"usa-id-6100-2":{"width":30,"height":34,"x":265,"y":124,"pixelRatio":1},"korea--3300-4":{"width":36,"height":28,"x":265,"y":158,"pixelRatio":1},"usa-mi-6600-3":{"width":36,"height":28,"x":265,"y":186,"pixelRatio":1},"usa-nc-7150-3":{"width":36,"height":28,"x":265,"y":214,"pixelRatio":1},"usa-nv-6900-3":{"width":28,"height":36,"x":231,"y":98,"pixelRatio":1},"us3-blue2-white-4":{"width":38,"height":26,"x":0,"y":250,"pixelRatio":1},"us2-white-black-4":{"width":40,"height":24,"x":87,"y":222,"pixelRatio":1},"special03-green2-white-5":{"width":40,"height":24,"x":127,"y":222,"pixelRatio":1},"usa-fl-5950-4":{"width":40,"height":24,"x":167,"y":222,"pixelRatio":1},"usa-pa-7400-3":{"width":32,"height":30,"x":231,"y":134,"pixelRatio":1},"usa-nm-7050-3":{"width":34,"height":28,"x":231,"y":164,"pixelRatio":1},"usa-ut-7700-3":{"width":34,"height":28,"x":231,"y":192,"pixelRatio":1},"canada--1000-3":{"width":34,"height":28,"x":301,"y":0,"pixelRatio":1},"usa-nh-6950-4":{"width":38,"height":25,"x":38,"y":250,"pixelRatio":1},"rectangle-blue3-white-7":{"width":52,"height":18,"x":207,"y":222,"pixelRatio":1},"usa-vt-7750-4":{"width":36,"height":26,"x":0,"y":276,"pixelRatio":1},"usa-nd-7200-4":{"width":36,"height":26,"x":36,"y":276,"pixelRatio":1},"shield01-blue2-white-4":{"width":36,"height":26,"x":72,"y":276,"pixelRatio":1},"usa-la-6400-4":{"width":36,"height":26,"x":108,"y":276,"pixelRatio":1},"usa-wa-7850-3":{"width":31,"height":30,"x":301,"y":28,"pixelRatio":1},"saudiarabia--4760-3":{"width":29,"height":32,"x":301,"y":58,"pixelRatio":1},"usa-hi-6050-3":{"width":33,"height":28,"x":301,"y":90,"pixelRatio":1},"shield10-blue2-white-4":{"width":38,"height":24,"x":76,"y":250,"pixelRatio":1},"shield10-red-white-4":{"width":38,"height":24,"x":114,"y":250,"pixelRatio":1},"canada-pe-1400-3":{"width":30,"height":30,"x":301,"y":118,"pixelRatio":1},"usa-tn-7610-2":{"width":30,"height":30,"x":301,"y":148,"pixelRatio":1},"usa-va-7800-3":{"width":30,"height":30,"x":301,"y":178,"pixelRatio":1},"usa-az-5600-4":{"width":36,"height":25,"x":144,"y":276,"pixelRatio":1},"usa-ga-6000-4":{"width":36,"height":25,"x":180,"y":276,"pixelRatio":1},"usa-tx-8303-2":{"width":28,"height":32,"x":301,"y":208,"pixelRatio":1},"india--115-3":{"width":28,"height":32,"x":301,"y":240,"pixelRatio":1},"usa-tx-8300-2":{"width":28,"height":32,"x":0,"y":302,"pixelRatio":1},"korea--3300-3":{"width":32,"height":28,"x":28,"y":302,"pixelRatio":1},"shield09-green3-white-3":{"width":34,"height":26,"x":60,"y":302,"pixelRatio":1},"us3-blue2-white-3":{"width":34,"height":26,"x":94,"y":302,"pixelRatio":1},"oval-blue2-white-4":{"width":44,"height":20,"x":152,"y":250,"pixelRatio":1},"shield12-blue2-white-4":{"width":40,"height":22,"x":216,"y":276,"pixelRatio":1},"shield06-blue2-white-4":{"width":38,"height":23,"x":128,"y":302,"pixelRatio":1},"shield06-green2-white-4":{"width":38,"height":23,"x":166,"y":302,"pixelRatio":1},"canada-bc-1105-3":{"width":31,"height":28,"x":335,"y":0,"pixelRatio":1},"circle-green2-white-4":{"width":36,"height":24,"x":0,"y":334,"pixelRatio":1},"special02-white-green3-4":{"width":36,"height":24,"x":36,"y":334,"pixelRatio":1},"usa-nv-6900-2":{"width":24,"height":36,"x":335,"y":28,"pixelRatio":1},"circle-blue2-white-4":{"width":36,"height":24,"x":72,"y":334,"pixelRatio":1},"usa-ny-7100-4":{"width":36,"height":24,"x":108,"y":334,"pixelRatio":1},"special02-yellow2-green3-4":{"width":36,"height":24,"x":144,"y":334,"pixelRatio":1},"usa-sd-7550-4":{"width":36,"height":24,"x":180,"y":334,"pixelRatio":1},"usa-ne-6850-3":{"width":32,"height":27,"x":366,"y":0,"pixelRatio":1},"shield05-red-white-4":{"width":36,"height":24,"x":216,"y":334,"pixelRatio":1},"usa-county-8200-4":{"width":37,"height":23,"x":204,"y":302,"pixelRatio":1},"india--110-3":{"width":28,"height":30,"x":366,"y":27,"pixelRatio":1},"canada-sk-1500-3":{"width":30,"height":28,"x":366,"y":57,"pixelRatio":1},"argentina--360-4":{"width":30,"height":28,"x":366,"y":85,"pixelRatio":1},"usa-mt-6806-3":{"width":28,"height":30,"x":366,"y":113,"pixelRatio":1},"pentagon-white-black-4":{"width":38,"height":22,"x":256,"y":276,"pixelRatio":1},"hexagon2-blue2-white-4":{"width":38,"height":22,"x":294,"y":276,"pixelRatio":1},"usa-il-6150-4":{"width":32,"height":26,"x":366,"y":143,"pixelRatio":1},"usa-co-5750-3":{"width":26,"height":32,"x":366,"y":169,"pixelRatio":1},"usa-nd-7200-2":{"width":32,"height":26,"x":366,"y":201,"pixelRatio":1},"usa-nd-7200-3":{"width":32,"height":26,"x":366,"y":227,"pixelRatio":1},"rectangle-green3-white-6":{"width":46,"height":18,"x":196,"y":250,"pixelRatio":1},"rectangle-blue2-white-6":{"width":46,"height":18,"x":242,"y":250,"pixelRatio":1},"rectangle-red-white-6":{"width":46,"height":18,"x":241,"y":302,"pixelRatio":1},"rectangle-blue1-white-6":{"width":46,"height":18,"x":287,"y":302,"pixelRatio":1},"rectangle-blue3-white-6":{"width":46,"height":18,"x":252,"y":334,"pixelRatio":1},"rectangle-green2-white-6":{"width":46,"height":18,"x":298,"y":334,"pixelRatio":1},"hexagon-green2-white-6":{"width":46,"height":18,"x":0,"y":358,"pixelRatio":1},"hexagon-orange-black-6":{"width":46,"height":18,"x":46,"y":358,"pixelRatio":1},"korea--3305-4":{"width":41,"height":20,"x":0,"y":376,"pixelRatio":1},"usa-fl-5950-3":{"width":34,"height":24,"x":398,"y":0,"pixelRatio":1},"shield07-green3-black-4":{"width":34,"height":24,"x":398,"y":24,"pixelRatio":1},"rectangle-white-black-7":{"width":51,"height":16,"x":92,"y":358,"pixelRatio":1},"special04-green2-white-4":{"width":34,"height":24,"x":398,"y":48,"pixelRatio":1},"special03-green2-white-4":{"width":34,"height":24,"x":398,"y":72,"pixelRatio":1},"rectangle-yellow2-black-7":{"width":51,"height":16,"x":143,"y":358,"pixelRatio":1},"canada-on-1600-3":{"width":29,"height":28,"x":398,"y":96,"pixelRatio":1},"canada-ns-1255-3":{"width":29,"height":28,"x":398,"y":124,"pixelRatio":1},"usa-md-6500-3":{"width":27,"height":30,"x":398,"y":152,"pixelRatio":1},"usa-la-6400-3":{"width":31,"height":26,"x":398,"y":182,"pixelRatio":1},"usa-or-7350-3":{"width":32,"height":25,"x":398,"y":208,"pixelRatio":1},"pill-white-black-6":{"width":50,"height":16,"x":194,"y":358,"pixelRatio":1},"usa-ga-6000-3":{"width":32,"height":25,"x":398,"y":233,"pixelRatio":1},"oval-blue2-white-3":{"width":40,"height":20,"x":41,"y":376,"pixelRatio":1},"hexagon-yellow2-black-6":{"width":44,"height":18,"x":81,"y":376,"pixelRatio":1},"usa-nc-7150-2":{"width":28,"height":28,"x":398,"y":258,"pixelRatio":1},"usa-dc-5900-3":{"width":28,"height":28,"x":398,"y":286,"pixelRatio":1},"argentina--360-3":{"width":28,"height":28,"x":398,"y":314,"pixelRatio":1},"canada-on-1355-3":{"width":28,"height":28,"x":398,"y":342,"pixelRatio":1},"canada--1000-2":{"width":28,"height":28,"x":366,"y":253,"pixelRatio":1},"usa-ok-7300-2":{"width":28,"height":28,"x":366,"y":281,"pixelRatio":1},"usa-mi-6600-2":{"width":28,"height":28,"x":366,"y":309,"pixelRatio":1},"usa-ak-5550-2":{"width":28,"height":28,"x":335,"y":64,"pixelRatio":1},"usa-ut-7700-2":{"width":28,"height":28,"x":335,"y":92,"pixelRatio":1},"usa-nm-7050-2":{"width":28,"height":28,"x":335,"y":120,"pixelRatio":1},"usa-pa-7400-2":{"width":26,"height":30,"x":335,"y":148,"pixelRatio":1},"shield01-blue2-white-3":{"width":30,"height":26,"x":398,"y":370,"pixelRatio":1},"canada-ab-1055-3":{"width":26,"height":30,"x":335,"y":178,"pixelRatio":1},"usa-vt-7750-3":{"width":30,"height":26,"x":335,"y":208,"pixelRatio":1},"uae--300-3":{"width":26,"height":30,"x":335,"y":234,"pixelRatio":1},"canada-ab-1065-2":{"width":30,"height":26,"x":335,"y":264,"pixelRatio":1},"usa-oh-7250-3":{"width":31,"height":25,"x":335,"y":290,"pixelRatio":1},"canada-sk-1510-3":{"width":24,"height":32,"x":0,"y":396,"pixelRatio":1},"saudiarabia--4760-2":{"width":24,"height":32,"x":24,"y":396,"pixelRatio":1},"usa-mt-6800-4":{"width":32,"height":24,"x":48,"y":396,"pixelRatio":1},"circle-blue2-white-3":{"width":32,"height":24,"x":80,"y":396,"pixelRatio":1},"usa-ks-6300-3":{"width":32,"height":24,"x":112,"y":396,"pixelRatio":1},"circle-green2-white-3":{"width":32,"height":24,"x":144,"y":396,"pixelRatio":1},"shield07-white-black-4":{"width":32,"height":24,"x":176,"y":396,"pixelRatio":1},"shield10-blue2-white-3":{"width":32,"height":24,"x":208,"y":396,"pixelRatio":1},"shield10-red-white-3":{"width":32,"height":24,"x":240,"y":396,"pixelRatio":1},"canada-on-1350-3":{"width":32,"height":24,"x":272,"y":396,"pixelRatio":1},"mexico--3650-4":{"width":32,"height":24,"x":304,"y":396,"pixelRatio":1},"special01-white-blue2-2":{"width":24,"height":32,"x":432,"y":0,"pixelRatio":1},"us2-white-black-3":{"width":32,"height":24,"x":336,"y":396,"pixelRatio":1},"pentagon-brown1-white-3":{"width":32,"height":24,"x":368,"y":396,"pixelRatio":1},"shield07-yellow2-black-4":{"width":32,"height":24,"x":400,"y":396,"pixelRatio":1},"korea--3300-2":{"width":24,"height":32,"x":432,"y":32,"pixelRatio":1},"usa-hi-6050-2":{"width":27,"height":28,"x":0,"y":428,"pixelRatio":1},"usa-ne-6850-2":{"width":28,"height":27,"x":27,"y":428,"pixelRatio":1},"usa-md-6500-2":{"width":25,"height":30,"x":456,"y":0,"pixelRatio":1},"usa-al-5500-3":{"width":30,"height":25,"x":55,"y":428,"pixelRatio":1},"usa-ar-5650-3":{"width":30,"height":25,"x":85,"y":428,"pixelRatio":1},"usa-nh-6950-3":{"width":30,"height":25,"x":115,"y":428,"pixelRatio":1},"usa-az-5600-3":{"width":30,"height":25,"x":145,"y":428,"pixelRatio":1},"usa-mo-6750-3":{"width":30,"height":25,"x":175,"y":428,"pixelRatio":1},"usa-wa-7850-2":{"width":25,"height":30,"x":456,"y":30,"pixelRatio":1},"venezuela--961-4":{"width":34,"height":22,"x":205,"y":428,"pixelRatio":1},"hexagon2-blue2-white-3":{"width":34,"height":22,"x":239,"y":428,"pixelRatio":1},"shield03-blue2-white-4":{"width":34,"height":22,"x":273,"y":428,"pixelRatio":1},"shield03-green2-white-4":{"width":34,"height":22,"x":307,"y":428,"pixelRatio":1},"usa-tx-7650-3":{"width":26,"height":28,"x":481,"y":0,"pixelRatio":1},"usa-dc-5900-2":{"width":26,"height":28,"x":481,"y":28,"pixelRatio":1},"usa-mn-6650-3":{"width":28,"height":26,"x":0,"y":456,"pixelRatio":1},"usa-mn-6650-2":{"width":28,"height":26,"x":28,"y":456,"pixelRatio":1},"canada-ab-1050-3":{"width":26,"height":28,"x":481,"y":56,"pixelRatio":1},"canada-mb-1150-3":{"width":26,"height":28,"x":481,"y":84,"pixelRatio":1},"canada-nb-1200-2":{"width":26,"height":28,"x":481,"y":112,"pixelRatio":1},"special02-white-green3-3":{"width":30,"height":24,"x":56,"y":456,"pixelRatio":1},"shield05-red-white-3":{"width":30,"height":24,"x":86,"y":456,"pixelRatio":1},"rectangle-blue2-white-5":{"width":40,"height":18,"x":125,"y":376,"pixelRatio":1},"shield07-green3-black-3":{"width":30,"height":24,"x":116,"y":456,"pixelRatio":1},"hexagon-orange-black-5":{"width":40,"height":18,"x":165,"y":376,"pixelRatio":1},"usa-va-7800-2":{"width":24,"height":30,"x":481,"y":140,"pixelRatio":1},"rectangle-blue1-white-5":{"width":40,"height":18,"x":205,"y":376,"pixelRatio":1},"rectangle-blue3-white-5":{"width":40,"height":18,"x":245,"y":376,"pixelRatio":1},"hexagon-green2-white-5":{"width":40,"height":18,"x":285,"y":376,"pixelRatio":1},"usa-highway-5450-3":{"width":30,"height":24,"x":146,"y":456,"pixelRatio":1},"rectangle-green2-white-5":{"width":40,"height":18,"x":325,"y":376,"pixelRatio":1},"special02-yellow2-green3-3":{"width":30,"height":24,"x":176,"y":456,"pixelRatio":1},"special03-green2-white-3":{"width":30,"height":24,"x":206,"y":456,"pixelRatio":1},"special04-green2-white-3":{"width":30,"height":24,"x":236,"y":456,"pixelRatio":1},"hexagon-yellow2-black-5":{"width":40,"height":18,"x":341,"y":428,"pixelRatio":1},"rectangle-red-white-5":{"width":40,"height":18,"x":381,"y":428,"pixelRatio":1},"usa-sd-7550-3":{"width":30,"height":24,"x":266,"y":456,"pixelRatio":1},"rectangle-green3-white-5":{"width":40,"height":18,"x":296,"y":456,"pixelRatio":1},"usa-county-8200-3":{"width":31,"height":23,"x":0,"y":482,"pixelRatio":1},"pill-white-black-5":{"width":44,"height":16,"x":244,"y":358,"pixelRatio":1},"rectangle-orange-black-6":{"width":44,"height":16,"x":288,"y":358,"pixelRatio":1},"shield02-white-black-4":{"width":32,"height":22,"x":31,"y":482,"pixelRatio":1},"india--115-2":{"width":22,"height":32,"x":481,"y":170,"pixelRatio":1},"shield12-blue2-white-3":{"width":32,"height":22,"x":63,"y":482,"pixelRatio":1},"rectangle-yellow2-black-6":{"width":44,"height":16,"x":332,"y":358,"pixelRatio":1},"rectangle-white-black-6":{"width":44,"height":16,"x":336,"y":456,"pixelRatio":1},"usa-ga-6000-2":{"width":28,"height":25,"x":507,"y":0,"pixelRatio":1},"canada-ab-1040-2":{"width":25,"height":28,"x":507,"y":25,"pixelRatio":1},"canada-on-1600-2":{"width":25,"height":28,"x":507,"y":53,"pixelRatio":1},"shield06-blue2-white-3":{"width":30,"height":23,"x":0,"y":505,"pixelRatio":1},"shield06-green2-white-3":{"width":30,"height":23,"x":30,"y":505,"pixelRatio":1},"canada-pe-1400-2":{"width":23,"height":30,"x":507,"y":81,"pixelRatio":1},"hexagon-green3-yellow2-4":{"width":34,"height":20,"x":95,"y":482,"pixelRatio":1},"us1-white-black-4":{"width":34,"height":20,"x":129,"y":482,"pixelRatio":1},"korea--3305-3":{"width":34,"height":20,"x":163,"y":482,"pixelRatio":1},"octagon-green2-white-4":{"width":34,"height":20,"x":197,"y":482,"pixelRatio":1},"shield09-blue2-white-2":{"width":26,"height":26,"x":507,"y":111,"pixelRatio":1},"usa-in-6200-3":{"width":26,"height":26,"x":507,"y":137,"pixelRatio":1},"us3-blue2-white-2":{"width":26,"height":26,"x":507,"y":163,"pixelRatio":1},"usa-ca-5700-3":{"width":26,"height":26,"x":507,"y":189,"pixelRatio":1},"shield08-green2-white-2":{"width":26,"height":26,"x":507,"y":215,"pixelRatio":1},"usa--8225-2":{"width":26,"height":26,"x":507,"y":241,"pixelRatio":1},"shield09-green3-white-2":{"width":26,"height":26,"x":507,"y":267,"pixelRatio":1},"usa-il-6150-3":{"width":26,"height":26,"x":507,"y":293,"pixelRatio":1},"usa-tn-7600-3":{"width":26,"height":26,"x":507,"y":319,"pixelRatio":1},"diamond-green3-white-2":{"width":26,"height":26,"x":507,"y":345,"pixelRatio":1},"usa-la-6400-2":{"width":26,"height":26,"x":507,"y":371,"pixelRatio":1},"canada-sk-1505-3":{"width":24,"height":28,"x":507,"y":397,"pixelRatio":1},"canada-on-1010-3":{"width":24,"height":28,"x":507,"y":425,"pixelRatio":1},"mexico--3650-3":{"width":28,"height":24,"x":507,"y":453,"pixelRatio":1},"usa-wi-7950-3":{"width":28,"height":24,"x":507,"y":477,"pixelRatio":1},"shield07-yellow2-black-3":{"width":28,"height":24,"x":535,"y":0,"pixelRatio":1},"usa-ny-7100-3":{"width":28,"height":24,"x":535,"y":24,"pixelRatio":1},"shield07-white-black-3":{"width":28,"height":24,"x":535,"y":48,"pixelRatio":1},"canada-bc-1105-2":{"width":24,"height":28,"x":535,"y":72,"pixelRatio":1},"usa-pa-7446-2":{"width":24,"height":28,"x":535,"y":100,"pixelRatio":1},"venezuela--961-3":{"width":30,"height":22,"x":60,"y":505,"pixelRatio":1},"shield03-green2-white-3":{"width":30,"height":22,"x":90,"y":505,"pixelRatio":1},"pentagon-white-black-3":{"width":30,"height":22,"x":120,"y":505,"pixelRatio":1},"shield03-blue2-white-3":{"width":30,"height":22,"x":150,"y":505,"pixelRatio":1},"canada-nt-1300-2":{"width":22,"height":30,"x":535,"y":128,"pixelRatio":1},"canada-ab-1055-2":{"width":22,"height":30,"x":535,"y":158,"pixelRatio":1},"usa-nh-6950-2":{"width":26,"height":25,"x":535,"y":188,"pixelRatio":1},"usa-ar-5650-2":{"width":26,"height":25,"x":535,"y":213,"pixelRatio":1},"usa-wy-8000-3":{"width":26,"height":25,"x":535,"y":238,"pixelRatio":1},"usa-or-7350-2":{"width":26,"height":25,"x":535,"y":263,"pixelRatio":1},"canada-qc-1455-3":{"width":25,"height":26,"x":535,"y":288,"pixelRatio":1},"canada-nl-1250-3":{"width":27,"height":24,"x":535,"y":314,"pixelRatio":1},"canada-ns-1255-2":{"width":23,"height":28,"x":535,"y":338,"pixelRatio":1},"canada-sk-1500-2":{"width":23,"height":28,"x":535,"y":366,"pixelRatio":1},"oval-blue2-white-2":{"width":32,"height":20,"x":366,"y":337,"pixelRatio":1},"usa-co-5750-2":{"width":20,"height":32,"x":535,"y":394,"pixelRatio":1},"canada-mb-1620-3":{"width":29,"height":22,"x":180,"y":505,"pixelRatio":1},"usa-oh-7250-2":{"width":25,"height":25,"x":535,"y":426,"pixelRatio":1},"shield05-red-white-2":{"width":26,"height":24,"x":535,"y":451,"pixelRatio":1},"shield10-red-white-2":{"width":26,"height":24,"x":535,"y":475,"pixelRatio":1},"pentagon-brown1-white-2":{"width":26,"height":24,"x":535,"y":499,"pixelRatio":1},"pentagon-green3-white-2":{"width":26,"height":24,"x":481,"y":202,"pixelRatio":1},"pentagon-blue2-white-2":{"width":26,"height":24,"x":481,"y":226,"pixelRatio":1},"usa-fl-5950-2":{"width":26,"height":24,"x":481,"y":250,"pixelRatio":1},"taiwan--5300-2":{"width":26,"height":24,"x":481,"y":274,"pixelRatio":1},"usa-ri-7450-3":{"width":26,"height":24,"x":481,"y":298,"pixelRatio":1},"usa-sc-7500-3":{"width":26,"height":24,"x":481,"y":322,"pixelRatio":1},"shield10-blue2-white-2":{"width":26,"height":24,"x":481,"y":346,"pixelRatio":1},"usa-vt-7750-2":{"width":24,"height":26,"x":481,"y":370,"pixelRatio":1},"usa-mt-6800-3":{"width":26,"height":24,"x":481,"y":396,"pixelRatio":1},"shield02-white-black-3":{"width":28,"height":22,"x":209,"y":505,"pixelRatio":1},"canada-ab-1060-2":{"width":22,"height":28,"x":481,"y":420,"pixelRatio":1},"usa-tx-7650-2":{"width":22,"height":28,"x":456,"y":60,"pixelRatio":1},"canada-mb-1150-2":{"width":22,"height":28,"x":456,"y":88,"pixelRatio":1},"rectangle-blue3-white-4":{"width":34,"height":18,"x":421,"y":428,"pixelRatio":1},"shield04-white-black-4":{"width":34,"height":18,"x":231,"y":482,"pixelRatio":1},"octagon-red-white-4":{"width":34,"height":18,"x":265,"y":482,"pixelRatio":1},"octagon-green3-white-4":{"width":34,"height":18,"x":299,"y":482,"pixelRatio":1},"rectangle-green3-white-4":{"width":34,"height":18,"x":333,"y":482,"pixelRatio":1},"octagon-blue2-white-4":{"width":34,"height":18,"x":367,"y":482,"pixelRatio":1},"rectangle-blue1-white-4":{"width":34,"height":18,"x":401,"y":482,"pixelRatio":1},"hexagon-green2-white-4":{"width":34,"height":18,"x":435,"y":482,"pixelRatio":1},"hexagon-red-white-4":{"width":34,"height":18,"x":469,"y":482,"pixelRatio":1},"rectangle-blue2-white-4":{"width":34,"height":18,"x":237,"y":505,"pixelRatio":1},"rectangle-blue2-yellow2-4":{"width":34,"height":18,"x":271,"y":505,"pixelRatio":1},"rectangle-red-white-4":{"width":34,"height":18,"x":305,"y":505,"pixelRatio":1},"rectangle-green2-white-4":{"width":34,"height":18,"x":339,"y":505,"pixelRatio":1},"hexagon-orange-black-4":{"width":34,"height":18,"x":373,"y":505,"pixelRatio":1},"rectangle-yellow2-black-5":{"width":38,"height":16,"x":380,"y":456,"pixelRatio":1},"rectangle-orange-black-5":{"width":38,"height":16,"x":418,"y":456,"pixelRatio":1},"rectangle-white-green2-5":{"width":38,"height":16,"x":456,"y":456,"pixelRatio":1},"rectangle-white-black-5":{"width":38,"height":16,"x":407,"y":505,"pixelRatio":1},"rectangle-white-red-5":{"width":38,"height":16,"x":445,"y":505,"pixelRatio":1},"usa-az-5600-2":{"width":24,"height":25,"x":456,"y":116,"pixelRatio":1},"usa-al-5500-2":{"width":24,"height":25,"x":456,"y":141,"pixelRatio":1},"india--110-2":{"width":20,"height":30,"x":456,"y":166,"pixelRatio":1},"usa-wy-8000-2":{"width":24,"height":25,"x":456,"y":196,"pixelRatio":1},"usa-mo-6750-2":{"width":24,"height":25,"x":456,"y":221,"pixelRatio":1},"uae--300-2":{"width":20,"height":30,"x":456,"y":246,"pixelRatio":1},"shield01-blue2-white-2":{"width":23,"height":26,"x":456,"y":276,"pixelRatio":1},"shield06-green2-white-2":{"width":26,"height":23,"x":0,"y":528,"pixelRatio":1},"shield06-blue2-white-2":{"width":26,"height":23,"x":26,"y":528,"pixelRatio":1},"southafrica--9510-2":{"width":22,"height":27,"x":456,"y":302,"pixelRatio":1},"canada-ab-1651-2":{"width":21,"height":28,"x":456,"y":329,"pixelRatio":1},"usa-mt-6800-2":{"width":24,"height":24,"x":456,"y":357,"pixelRatio":1},"usa-highway-5450-2":{"width":24,"height":24,"x":456,"y":381,"pixelRatio":1},"usa-wi-7950-2":{"width":24,"height":24,"x":456,"y":405,"pixelRatio":1},"141":{"width":24,"height":24,"x":456,"y":429,"pixelRatio":1},"usa-ny-7100-2":{"width":24,"height":24,"x":432,"y":64,"pixelRatio":1},"usa-ks-6300-2":{"width":24,"height":24,"x":432,"y":88,"pixelRatio":1},"176":{"width":24,"height":24,"x":432,"y":112,"pixelRatio":1},"shield07-green3-black-2":{"width":24,"height":24,"x":432,"y":136,"pixelRatio":1},"167":{"width":24,"height":24,"x":432,"y":160,"pixelRatio":1},"168":{"width":24,"height":24,"x":432,"y":184,"pixelRatio":1},"169":{"width":24,"height":24,"x":432,"y":208,"pixelRatio":1},"170":{"width":24,"height":24,"x":432,"y":232,"pixelRatio":1},"saudiarabia--4755-2":{"width":24,"height":24,"x":432,"y":256,"pixelRatio":1},"171":{"width":24,"height":24,"x":432,"y":280,"pixelRatio":1},"172":{"width":24,"height":24,"x":432,"y":304,"pixelRatio":1},"173":{"width":24,"height":24,"x":432,"y":328,"pixelRatio":1},"174":{"width":24,"height":24,"x":432,"y":352,"pixelRatio":1},"166":{"width":24,"height":24,"x":432,"y":376,"pixelRatio":1},"177":{"width":24,"height":24,"x":432,"y":400,"pixelRatio":1},"252":{"width":24,"height":24,"x":563,"y":0,"pixelRatio":1},"325":{"width":24,"height":24,"x":563,"y":24,"pixelRatio":1},"circle-blue2-white-2":{"width":24,"height":24,"x":563,"y":48,"pixelRatio":1},"circle-green2-white-2":{"width":24,"height":24,"x":563,"y":72,"pixelRatio":1},"cuba--11-2":{"width":24,"height":24,"x":563,"y":96,"pixelRatio":1},"hexagon-yellow2-black-4":{"width":32,"height":18,"x":365,"y":376,"pixelRatio":1},"peru--8850-2":{"width":24,"height":24,"x":563,"y":120,"pixelRatio":1},"pill-white-black-4":{"width":36,"height":16,"x":483,"y":505,"pixelRatio":1},"special03-green2-white-2":{"width":24,"height":24,"x":563,"y":144,"pixelRatio":1},"142":{"width":24,"height":24,"x":563,"y":168,"pixelRatio":1},"145":{"width":24,"height":24,"x":563,"y":192,"pixelRatio":1},"147":{"width":24,"height":24,"x":563,"y":216,"pixelRatio":1},"154":{"width":24,"height":24,"x":563,"y":240,"pixelRatio":1},"us2-white-black-2":{"width":24,"height":24,"x":563,"y":264,"pixelRatio":1},"undefined":{"width":24,"height":24,"x":563,"y":288,"pixelRatio":1},"155":{"width":24,"height":24,"x":563,"y":312,"pixelRatio":1},"156":{"width":24,"height":24,"x":563,"y":336,"pixelRatio":1},"special04-green2-white-2":{"width":24,"height":24,"x":563,"y":360,"pixelRatio":1},"special02-yellow2-green3-2":{"width":24,"height":24,"x":563,"y":384,"pixelRatio":1},"special02-white-green3-2":{"width":24,"height":24,"x":563,"y":408,"pixelRatio":1},"157":{"width":24,"height":24,"x":563,"y":432,"pixelRatio":1},"158":{"width":24,"height":24,"x":563,"y":456,"pixelRatio":1},"160":{"width":24,"height":24,"x":563,"y":480,"pixelRatio":1},"161":{"width":24,"height":24,"x":563,"y":504,"pixelRatio":1},"163":{"width":24,"height":24,"x":0,"y":551,"pixelRatio":1},"164":{"width":24,"height":24,"x":24,"y":551,"pixelRatio":1},"165":{"width":24,"height":24,"x":48,"y":551,"pixelRatio":1},"usa-county-8200-2":{"width":25,"height":23,"x":52,"y":528,"pixelRatio":1},"hexagon2-blue2-white-2":{"width":26,"height":22,"x":77,"y":528,"pixelRatio":1},"usa-tn-7600-2":{"width":22,"height":26,"x":587,"y":0,"pixelRatio":1},"canada-ab-1045-1":{"width":22,"height":26,"x":587,"y":26,"pixelRatio":1},"usa-ca-5700-2":{"width":22,"height":26,"x":587,"y":52,"pixelRatio":1},"usa-in-6200-2":{"width":22,"height":26,"x":587,"y":78,"pixelRatio":1},"usa-il-6150-2":{"width":22,"height":26,"x":587,"y":104,"pixelRatio":1},"shield12-blue2-white-2":{"width":26,"height":22,"x":103,"y":528,"pixelRatio":1},"argentina--360-2":{"width":20,"height":28,"x":587,"y":130,"pixelRatio":1},"canada-on-1010-2":{"width":20,"height":28,"x":587,"y":158,"pixelRatio":1},"canada-sk-1505-2":{"width":20,"height":28,"x":587,"y":186,"pixelRatio":1},"hexagon-green3-yellow2-3":{"width":28,"height":20,"x":129,"y":528,"pixelRatio":1},"korea--3305-2":{"width":28,"height":20,"x":157,"y":528,"pixelRatio":1},"octagon-green2-white-3":{"width":28,"height":20,"x":185,"y":528,"pixelRatio":1},"usa-sd-7550-2":{"width":23,"height":24,"x":72,"y":551,"pixelRatio":1},"canada-mb-1620-2":{"width":25,"height":22,"x":95,"y":551,"pixelRatio":1},"hexagon-green2-white-3":{"width":30,"height":18,"x":335,"y":315,"pixelRatio":1},"hexagon-orange-black-3":{"width":30,"height":18,"x":213,"y":528,"pixelRatio":1},"hexagon-red-white-3":{"width":30,"height":18,"x":243,"y":528,"pixelRatio":1},"uae--305-2":{"width":18,"height":30,"x":587,"y":214,"pixelRatio":1},"canada-ab-1050-2":{"width":19,"height":28,"x":587,"y":244,"pixelRatio":1},"indonesia--555-2":{"width":24,"height":22,"x":563,"y":528,"pixelRatio":1},"shield03-blue2-white-2":{"width":24,"height":22,"x":120,"y":551,"pixelRatio":1},"shield03-green2-white-2":{"width":24,"height":22,"x":144,"y":551,"pixelRatio":1},"venezuela--961-2":{"width":24,"height":22,"x":168,"y":551,"pixelRatio":1},"colombia--16-2":{"width":22,"height":24,"x":587,"y":272,"pixelRatio":1},"shield07-white-black-2":{"width":22,"height":24,"x":587,"y":296,"pixelRatio":1},"indonesia--550-2":{"width":24,"height":22,"x":192,"y":551,"pixelRatio":1},"indonesia--565-2":{"width":24,"height":22,"x":216,"y":551,"pixelRatio":1},"usa-ri-7450-2":{"width":22,"height":24,"x":587,"y":320,"pixelRatio":1},"australia--420-2":{"width":22,"height":24,"x":587,"y":344,"pixelRatio":1},"pentagon-white-black-2":{"width":24,"height":22,"x":240,"y":551,"pixelRatio":1},"shield07-yellow2-black-2":{"width":22,"height":24,"x":587,"y":368,"pixelRatio":1},"usa-sc-7500-2":{"width":22,"height":24,"x":587,"y":392,"pixelRatio":1},"us1-white-black-3":{"width":26,"height":20,"x":264,"y":551,"pixelRatio":1},"rectangle-yellow2-black-4":{"width":32,"height":16,"x":273,"y":528,"pixelRatio":1},"rectangle-white-black-4":{"width":32,"height":16,"x":305,"y":528,"pixelRatio":1},"rectangle-white-red-4":{"width":32,"height":16,"x":337,"y":528,"pixelRatio":1},"rectangle-orange-black-4":{"width":32,"height":16,"x":369,"y":528,"pixelRatio":1},"rectangle-white-green2-4":{"width":32,"height":16,"x":401,"y":528,"pixelRatio":1},"rectangle-green2-white-3":{"width":28,"height":18,"x":290,"y":551,"pixelRatio":1},"rectangle-blue2-yellow2-3":{"width":28,"height":18,"x":318,"y":551,"pixelRatio":1},"octagon-green3-white-3":{"width":28,"height":18,"x":346,"y":551,"pixelRatio":1},"shield04-white-black-3":{"width":28,"height":18,"x":374,"y":551,"pixelRatio":1},"rectangle-green3-white-3":{"width":28,"height":18,"x":402,"y":551,"pixelRatio":1},"rectangle-blue1-white-3":{"width":28,"height":18,"x":430,"y":551,"pixelRatio":1},"rectangle-blue2-white-3":{"width":28,"height":18,"x":458,"y":551,"pixelRatio":1},"hexagon-yellow2-black-3":{"width":28,"height":18,"x":486,"y":551,"pixelRatio":1},"rectangle-red-white-3":{"width":28,"height":18,"x":514,"y":551,"pixelRatio":1},"rectangle-brown2-white-3":{"width":28,"height":18,"x":542,"y":551,"pixelRatio":1},"octagon-red-white-3":{"width":28,"height":18,"x":0,"y":575,"pixelRatio":1},"rectangle-blue3-white-3":{"width":28,"height":18,"x":28,"y":575,"pixelRatio":1},"mexico--3650-2":{"width":21,"height":24,"x":587,"y":416,"pixelRatio":1},"canada-nl-1250-2":{"width":21,"height":24,"x":587,"y":440,"pixelRatio":1},"octagon-blue2-white-3":{"width":28,"height":18,"x":56,"y":575,"pixelRatio":1},"canada-on-1360-3":{"width":25,"height":20,"x":609,"y":0,"pixelRatio":1},"hexagon-green3-yellow2-2":{"width":24,"height":20,"x":609,"y":20,"pixelRatio":1},"pill-white-black-3":{"width":30,"height":16,"x":433,"y":528,"pixelRatio":1},"cuba--10-2":{"width":24,"height":20,"x":609,"y":40,"pixelRatio":1},"octagon-green2-white-2":{"width":24,"height":20,"x":609,"y":60,"pixelRatio":1},"taiwan--5305-2":{"width":24,"height":20,"x":609,"y":80,"pixelRatio":1},"hexagon-red-white-2":{"width":24,"height":18,"x":609,"y":100,"pixelRatio":1},"shield04-white-black-2":{"width":24,"height":18,"x":609,"y":118,"pixelRatio":1},"hexagon-green2-white-2":{"width":24,"height":18,"x":609,"y":136,"pixelRatio":1},"hexagon-orange-black-2":{"width":24,"height":18,"x":609,"y":154,"pixelRatio":1},"octagon-blue2-white-2":{"width":24,"height":18,"x":609,"y":172,"pixelRatio":1},"octagon-green3-white-2":{"width":24,"height":18,"x":609,"y":190,"pixelRatio":1},"octagon-red-white-2":{"width":24,"height":18,"x":609,"y":208,"pixelRatio":1},"shield02-white-black-2":{"width":19,"height":22,"x":609,"y":226,"pixelRatio":1},"rectangle-yellow2-black-3":{"width":26,"height":16,"x":463,"y":528,"pixelRatio":1},"rectangle-white-black-3":{"width":26,"height":16,"x":489,"y":528,"pixelRatio":1},"rectangle-white-red-3":{"width":26,"height":16,"x":515,"y":528,"pixelRatio":1},"rectangle-orange-black-3":{"width":26,"height":16,"x":84,"y":575,"pixelRatio":1},"pill-white-black-2":{"width":26,"height":16,"x":110,"y":575,"pixelRatio":1},"rectangle-white-green2-3":{"width":26,"height":16,"x":136,"y":575,"pixelRatio":1},"rectangle-green3-white-2":{"width":23,"height":18,"x":609,"y":248,"pixelRatio":1},"rectangle-green2-white-2":{"width":23,"height":18,"x":609,"y":266,"pixelRatio":1},"rectangle-blue3-white-2":{"width":23,"height":18,"x":609,"y":284,"pixelRatio":1},"rectangle-blue2-yellow2-2":{"width":23,"height":18,"x":609,"y":302,"pixelRatio":1},"rectangle-blue2-white-2":{"width":23,"height":18,"x":609,"y":320,"pixelRatio":1},"rectangle-blue1-white-2":{"width":23,"height":18,"x":609,"y":338,"pixelRatio":1},"rectangle-red-white-2":{"width":23,"height":18,"x":609,"y":356,"pixelRatio":1},"us1-white-black-2":{"width":20,"height":20,"x":609,"y":374,"pixelRatio":1},"shield11-yellow2-black-2":{"width":20,"height":20,"x":609,"y":394,"pixelRatio":1},"shield11-white-black-2":{"width":20,"height":20,"x":609,"y":414,"pixelRatio":1},"hexagon-yellow2-black-2":{"width":22,"height":18,"x":609,"y":434,"pixelRatio":1},"rectangle-white-black-2":{"width":21,"height":16,"x":609,"y":452,"pixelRatio":1},"rectangle-orange-black-2":{"width":21,"height":16,"x":609,"y":468,"pixelRatio":1},"rectangle-yellow2-black-2":{"width":21,"height":16,"x":609,"y":484,"pixelRatio":1},"rectangle-white-green2-2":{"width":21,"height":16,"x":609,"y":500,"pixelRatio":1},"rectangle-white-red-2":{"width":21,"height":16,"x":609,"y":516,"pixelRatio":1},"under-construction-gray":{"width":16,"height":16,"x":609,"y":532,"pixelRatio":1},"under-construction":{"width":16,"height":16,"x":609,"y":548,"pixelRatio":1},"traffic-flow-slow":{"width":24,"height":7,"x":609,"y":564,"pixelRatio":1},"traffic-incidents-slow":{"width":24,"height":7,"x":609,"y":571,"pixelRatio":1},"traffic-diagonal-closed":{"width":20,"height":8,"x":609,"y":578,"pixelRatio":1},"traffic-diagonal-unknown":{"width":20,"height":8,"x":587,"y":464,"pixelRatio":1},"traffic-incidents-queueing":{"width":20,"height":7,"x":609,"y":586,"pixelRatio":1},"traffic-flow-queueing":{"width":20,"height":7,"x":587,"y":472,"pixelRatio":1},"traffic-incidents-stationary":{"width":16,"height":7,"x":587,"y":479,"pixelRatio":1},"traffic-flow-stationary":{"width":16,"height":7,"x":587,"y":486,"pixelRatio":1},"arrow-revers":{"width":8,"height":8,"x":625,"y":532,"pixelRatio":1},"arrow":{"width":8,"height":8,"x":625,"y":540,"pixelRatio":1},"1":{"width":1,"height":1,"x":633,"y":20,"pixelRatio":1}}